PangoLineage	NucName
B.1.1.7	C3267T
B.1.1.7	C5388A
B.1.1.7	T6954C
B.1.1.7	[11288-11296]del
B.1.1.7	C14676T
B.1.1.7	[21765-21770]del
B.1.1.7	[21991-21993]del
B.1.1.7	A23063T
B.1.1.7	C23271A
B.1.1.7	A23403G
B.1.1.7	C23604A
B.1.1.7	C23709T
B.1.1.7	T24506G
B.1.1.7	G24914C
B.1.1.7	C27972T
B.1.1.7	G28048T
B.1.1.7	A28095T
B.1.1.7	A28111G
B.1.1.7	GAT28280CTA
B.1.1.7	C28977T
B.1.1.7	C7843T
B.1.1.7	G23012A
B.1.1.7	C27092T
B.1.1.7	C28791T
B.1.1.7	G29465A
B.1.351	C1059T
B.1.351	G5230T
B.1.351	A10323G
B.1.351	[11288-11296]del
B.1.351	A21801C
B.1.351	A22206G
B.1.351	[22281-22289]del
B.1.351	G22813T
B.1.351	G23012A
B.1.351	A23063T
B.1.351	C23644T
B.1.351	G25563T
B.1.351	C25904T
B.1.351	C26456T
B.1.351	C28887T
B.1.525	C1498T
B.1.525	A1807G
B.1.525	T8593C
B.1.525	C9565T
B.1.525	C14407T
B.1.525	C18171T
B.1.525	A20724G
B.1.525	A21717G
B.1.525	G23012A
B.1.525	G23593C
B.1.525	T24224C
B.1.525	C24748T
B.1.525	C26305T
B.1.525	T26767C
B.1.525	A28699G
B.1.525	G29543T
P.1	T733C
P.1	C2749T
P.1	C3828T
P.1	A5648C
P.1	[11288-11296]del
P.1	C12778T
P.1	C13860T
P.1	C21614T
P.1	C21621A
P.1	C21638T
P.1	G21974T
P.1	G22132T
P.1	A22812C
P.1	G23012A
P.1	A23063T
P.1	C23525T
P.1	C24642T
P.1	G25912T
P.1	G28167A
P.1	28262AACA
P.1	C28512T
P.2	T10667G
P.2	C11824T
P.2	A12964G
P.2	G23012A
P.2	C28523T
P.2	G28628T
P.2	G28975T
B.1.1.33	C5184T
B.1.1.33	C10376T
B.1.1.33	C10478T
B.1.1.33	T11418C
B.1.1.33	C21588T
B.1.1.33	[21984-21996]del
B.1.1.33	A22190G
B.1.1.33	[22193-22195]del
B.1.1.33	T22196A
B.1.1.33	[22327-22336]del
B.1.1.33	T22896C
B.1.1.33	G23012A
B.1.1.33	[27794-27798]del
B.1.1.33	A28482G
A.23.1	C4940T
A.23.1	G11230T
A.23.1	G11266T
A.23.1	G11521T
A.23.1	G21867T
A.23.1	C22033A
A.23.1	G22661T
A.23.1	G23012A
A.23.1	G23401T
A.23.1	C23604G
A.23.1	T28144C
A.23.1	G28167A
A.23.1	G28878A
B.1.427/429	T2597C
B.1.427/429	G9738C
B.1.427/429	A12878G
B.1.427/429	G13713A
B.1.427/429	C16394T
B.1.427/429	G17014T
B.1.427/429	G21600T
B.1.427/429	G22018T
B.1.427/429	T22917G
B.1.427/429	T24349C
B.1.427/429	C26681T
B.1.427/429	G27890T
B.1.427/429	A28272T
B.1.617	C3457T
B.1.617	C4965T
B.1.617	A11201G
B.1.617	G17523T
B.1.617	A20396G
B.1.617	T21895C
B.1.617	G21987A
B.1.617	G22022A
B.1.617	T22917G
B.1.617	G23012C
B.1.617	C23604G
B.1.617	A24775T
B.1.617	C24863G
B.1.617	C25469T
B.1.617	T27638C
B.1.617	G28881T
B.1.324.1	G2945A
B.1.324.1	T8704C
B.1.324.1	C8986T
B.1.324.1	G13617A
B.1.324.1	G16852T
B.1.324.1	C22388T
B.1.324.1	G23012A
B.1.324.1	[27922-27956]del
B.1.324.1	G28272A
B.1.1.318	A3852T
B.1.1.318	G3961T
B.1.1.318	G7798T
B.1.1.318	C9072T
B.1.1.318	C9891T
B.1.1.318	C10116T
B.1.1.318	[11287-11296]del
B.1.1.318	G20578A
B.1.1.318	C21846T
B.1.1.318	[21990-21993]del
B.1.1.318	G23012A
B.1.1.318	T23287C
B.1.1.318	C23604A
B.1.1.318	G23948C
B.1.1.318	C24382T
B.1.1.318	C25276A
B.1.1.318	T26767C
B.1.1.318	[21887-21902]del
B.1.1.318	G28209T
B.1.1.318	A28271G
B.1.1.318	[28895-28898]del
